p_value,mantel_r,bin_centers,p_value_distance,mantel_distance
,,538.8316,,
,,616.4947999999999,,
,,694.158,,
,,771.8212000000001,,
,,849.4844,,
,,927.1476,,
,,1004.8108000000001,,
,,1082.4740000000002,,
,,1160.1372000000001,,
,,1237.8004,,
,,1315.4636,,
,,1393.1268,,
0.835,0.0005259579187080331,1470.79,0.825,0.0005259579187080328
0.523,0.0019862288773965344,1548.4532,0.526,0.001996327871591711
0.721,0.0013816004988678105,1626.1164,0.77,0.0013433852772110726
0.262,0.005934780863297295,1703.7796,0.276,0.005916422711192297
0.003,0.027812489448491858,1781.4428,0.005,0.027885726593921526
0.022,0.027184583860420754,1859.106,0.016,0.026930219491419424
0.001,0.04827015485685217,1936.7692000000002,0.001,0.04852602229780621
0.001,0.05972933363794649,2014.4324000000001,0.001,0.06041467464820065
0.001,0.058590166503334117,2092.0956,0.001,0.0587775023226555
0.001,0.07135987823594167,2169.7588,0.001,0.07224346181736208
0.001,0.07186181224224614,2247.422,0.001,0.07120488881043945
0.001,0.07065756296890399,2325.0852,0.001,0.0691832665899151
0.001,0.07594814129724381,2402.7484,0.001,0.0741027960846543
0.001,0.07709209219584523,2480.4116,0.001,0.07493485266446838
0.001,0.07697835475254348,2558.0748000000003,0.001,0.07431161224407044
0.001,0.07760900150257619,2635.7380000000003,0.001,0.07486545305772789
0.001,0.07995982737411336,2713.4012000000002,0.001,0.07664692169996168
0.001,0.0817720210760346,2791.0644,0.001,0.07805945258168545
0.001,0.08191111630670082,2868.7276,0.001,0.07800106764970915
0.001,0.08617680734023646,2946.3908,0.001,0.08304282724525727
0.001,0.08617680734023646,3024.054,0.001,0.08304282724525727
0.001,0.08868448402934101,3101.7172,0.001,0.08522252283196091
0.001,0.0889606447915808,3179.3804,0.001,0.08486748825826054
0.001,0.08873962613928935,3257.0436,0.001,0.08391676524064107
0.001,0.09003032963332398,3334.7068,0.001,0.08461465082510503
0.001,0.09335068302829645,3412.37,0.001,0.08774195770616272
0.001,0.09281037431690356,3490.0332000000003,0.001,0.08598592117919225
0.001,0.0952914989036593,3567.6964000000003,0.001,0.088647478079677
0.001,0.09374958749505011,3645.3596000000002,0.001,0.0861263598822169
0.001,0.09721121035040867,3723.0228,0.002,0.08962572139667406
0.001,0.1024638008903582,3800.686,0.001,0.09543046184554926
0.001,0.10304017881983327,3878.3492,0.001,0.09589312538344127
0.001,0.10248565692730038,3956.0124,0.001,0.09484170185628829
0.001,0.10364539558707041,4033.6756,0.001,0.09606139934106717
0.001,0.11113238621382454,4111.3387999999995,0.001,0.10537556752938312
0.001,0.1121248718253578,4189.002,0.001,0.10593922717466082
0.001,0.11112129863811873,4266.6652,0.001,0.10415172009059757
0.001,0.11227168201410498,4344.3284,0.001,0.10530013167685301
0.001,0.11212211088169625,4421.9916,0.001,0.10507461252607306
0.001,0.11272878910034762,4499.6548,0.001,0.10424200854663607
0.001,0.1126153593561246,4577.317999999999,0.001,0.10330039936390675
0.001,0.1126153593561246,4654.9812,0.001,0.10330039936390675
0.001,0.1108207492521705,4732.644400000001,0.001,0.10032744660189377
0.001,0.11331784170762718,4810.3076,0.001,0.10348402248615393
0.001,0.11331784170762718,4887.970800000001,0.001,0.10348402248615393
0.001,0.11282087282096057,4965.634,0.001,0.10269727634926107
0.001,0.1137585715368791,5043.297200000001,0.001,0.10400117236627945
0.001,0.1129785914990377,5120.9604,0.001,0.10232065107789981
0.001,0.1129195704340056,5198.623600000001,0.001,0.10207418991562354
0.001,0.11304288429144752,5276.2868,0.001,0.10114160455465485
0.001,0.11400533164820514,5353.950000000001,0.001,0.10155472543424501
0.001,0.11445241594439572,5431.6132,0.001,0.1016495342289217
0.001,0.11384929751529763,5509.276400000001,0.001,0.10018847719340365
0.001,0.11320602349918224,5586.9396,0.001,0.09867596148260897
0.001,0.11358307762397543,5664.602800000001,0.001,0.09827945707903846
0.001,0.11358307762397543,5742.266,0.001,0.09827945707903846
0.001,0.11358307762397543,5819.9292000000005,0.001,0.09827945707903846
0.001,0.1135684058305363,5897.5923999999995,0.001,0.097329488553379
0.001,0.11348490468966282,5975.2556,0.001,0.09713515765570926
0.001,0.11119657754216894,6052.9187999999995,0.001,0.09267662542595076
0.001,0.11208260759222383,6130.582,0.001,0.09364019848191321
0.001,0.11223442289709089,6208.245199999999,0.001,0.09346440404052545
0.001,0.11242318134354351,6285.9084,0.001,0.09323636632542223
0.001,0.11286778005980636,6363.571600000001,0.001,0.09352184878009867
0.001,0.11256618328596171,6441.2348,0.001,0.09264133039205252
0.001,0.11244260023406265,6518.898000000001,0.001,0.09243710647724779
0.001,0.11244260023406265,6596.5612,0.001,0.09243710647724779
0.001,0.11244260023406265,6674.224400000001,0.001,0.09243710647724779
0.001,0.11605805199122049,6751.8876,0.001,0.09728866524517726
0.001,0.116065216717531,6829.550800000001,0.001,0.09681013712476635
0.001,0.12829182921325089,6907.214,0.001,0.11577068835829074
0.001,0.12819587502540689,6984.877200000001,0.001,0.1147576392778263
0.001,0.1268771889436239,7062.5404,0.001,0.11201363692682428
0.001,0.1268771889436239,7140.203600000001,0.001,0.11201363692682428
0.001,0.12705211360869964,7217.8668,0.001,0.11165456714205269
0.001,0.12705211360869964,7295.530000000001,0.001,0.11165456714205269
0.001,0.1262774080818933,7373.1932,0.001,0.10903142836445542
0.001,0.1261679697919742,7450.856400000001,0.001,0.1081926214192141
0.001,0.12456089401572265,7528.5196,0.001,0.10503788887238093
0.001,0.12519645619232583,7606.1828000000005,0.001,0.10545042198915726
0.001,0.12532806949129072,7683.846,0.001,0.10513286856666598
0.001,0.1251128426034632,7761.5092,0.001,0.10476111020139878
0.001,0.12603968230327287,7839.1723999999995,0.001,0.10565620405492668
0.001,0.12494384760147205,7916.8356,0.001,0.10317557298571842
0.001,0.12348656610898365,7994.4988,0.002,0.09987749584601037
0.001,0.12307556389993154,8072.162,0.001,0.09916287497779117
0.001,0.12307556389993154,8149.825200000001,0.001,0.09916287497779117
0.001,0.1228272741896766,8227.4884,0.001,0.09821722098835631
0.001,0.12149243141146941,8305.151600000001,0.001,0.09554763382313616
0.001,0.12149243141146941,8382.8148,0.001,0.09554763382313616
0.001,0.12359528296939203,8460.478000000001,0.001,0.0985424134713555
0.001,0.12359528296939203,8538.1412,0.001,0.0985424134713555
0.001,0.12212875740035353,8615.8044,0.001,0.09562843086716286
0.001,0.12113839119484385,8693.4676,0.001,0.09274850514181654
0.001,0.12082239196053024,8771.130799999999,0.001,0.09221185570320578
0.001,0.1207269388892391,8848.794000000002,0.001,0.09133365185339051
0.001,0.11959644271087395,8926.4572,0.001,0.08917143982848325
0.001,0.11913575439251432,9004.1204,0.001,0.08810616874220087
0.001,0.11945509608810449,9081.7836,0.001,0.08831318763221457
0.001,0.11915817456865316,9159.446800000002,0.001,0.08752143288627241
0.001,0.11915817456865316,9237.11,0.001,0.08752143288627241
0.001,0.11925888208274081,9314.7732,0.001,0.08766551721257754
0.001,0.11925888208274081,9392.4364,0.001,0.08766551721257754
0.001,0.12214561671304167,9470.099600000001,0.001,0.09206563717687637
0.001,0.12544913381132497,9547.7628,0.001,0.09663176509877017
0.001,0.12544913381132497,9625.426,0.001,0.09663176509877017
0.001,0.12667134692118712,9703.0892,0.001,0.09780886458172577
0.001,0.12667134692118712,9780.752400000001,0.001,0.09780886458172577
0.001,0.1283015707506645,9858.4156,0.001,0.09998807908893617
0.001,0.1283015707506645,9936.0788,0.002,0.09998807908893617
0.001,0.12852238497222515,10013.742,0.001,0.09991913749409717
0.001,0.12813600363021183,10091.405200000001,0.001,0.0992315621740198
0.001,0.12813600363021183,10169.0684,0.001,0.0992315621740198
0.001,0.12813600363021183,10246.7316,0.001,0.0992315621740198
0.001,0.12813244524984613,10324.3948,0.001,0.09875396255488349
0.001,0.12841379474981,10402.058,0.001,0.09876900583979406
0.001,0.12841379474981,10479.7212,0.001,0.09876900583979406
0.001,0.12841379474981,10557.3844,0.001,0.09876900583979406
0.001,0.12802767808379817,10635.047600000002,0.002,0.09804049524129255
0.001,0.12661997431182004,10712.7108,0.001,0.09519044250331302
0.001,0.12618247549176956,10790.374,0.001,0.0940192694129241
0.001,0.12622478935423515,10868.0372,0.001,0.09367059525177948
0.001,0.12622478935423515,10945.700400000002,0.001,0.09367059525177948
0.001,0.12565431302123115,11023.3636,0.002,0.09263307765331502
0.001,0.12469208697812693,11101.0268,0.001,0.09020122026111943
0.001,0.12316360551855005,11178.69,0.001,0.08727593806894815
0.001,0.1241180203954405,11256.353200000001,0.001,0.08853350294266465
0.001,0.12410682401400935,11334.0164,0.002,0.08845859106758036
0.001,0.12348540533683747,11411.6796,0.001,0.08706933758064003
0.001,0.12251795369132137,11489.3428,0.002,0.08507375733032464
0.001,0.12251795369132137,11567.006000000001,0.001,0.08507375733032464
0.001,0.12251795369132137,11644.6692,0.001,0.08507375733032464
0.001,0.12251795369132137,11722.3324,0.001,0.08507375733032464
0.001,0.12251795369132137,11799.9956,0.001,0.08507375733032464
0.001,0.12251795369132137,11877.658800000001,0.001,0.08507375733032464
0.001,0.12251795369132137,11955.322,0.001,0.08507375733032464
0.001,0.12251795369132137,12032.9852,0.001,0.08507375733032464
0.001,0.12251795369132137,12110.648400000002,0.001,0.08507375733032464
0.001,0.12251795369132137,12188.3116,0.001,0.08507375733032464
0.001,0.12251795369132137,12265.9748,0.001,0.08507375733032464
0.001,0.12151440113104536,12343.638,0.002,0.08287778267129203
0.001,0.12151440113104536,12421.301200000002,0.001,0.08287778267129203
0.001,0.11961315374834676,12498.9644,0.002,0.07912513387294932
0.001,0.12082179085113218,12576.6276,0.002,0.08025773125409918
0.001,0.12082179085113218,12654.2908,0.002,0.08025773125409918
0.001,0.11878259014038309,12731.954000000002,0.003,0.07641953829403414
0.001,0.12054591162782549,12809.6172,0.002,0.07918330704733023
0.001,0.12054591162782549,12887.2804,0.002,0.07918330704733023
0.001,0.12054591162782549,12964.9436,0.004,0.07918330704733023
0.001,0.12054548147450073,13042.606800000001,0.003,0.07916310822368111
0.001,0.11957558979829754,13120.27,0.001,0.07684936539503656
0.001,0.11957558979829754,13197.9332,0.003,0.07684936539503656
0.001,0.1200970145838588,13275.5964,0.003,0.07747308524326565
0.001,0.12100071452566172,13353.259600000001,0.003,0.07875032622249736
0.001,0.12110893228154865,13430.9228,0.001,0.0786075712234546
0.001,0.12110893228154865,13508.586,0.001,0.0786075712234546
0.001,0.12365192730987207,13586.2492,0.001,0.08267801431454634
0.001,0.12365192730987207,13663.912400000001,0.004,0.08267801431454634
0.001,0.12308211668785592,13741.5756,0.003,0.081378307606505
0.001,0.12308211668785592,13819.238800000001,0.002,0.081378307606505
0.001,0.12330554842413964,13896.902000000002,0.002,0.08115601634918729
0.001,0.12330554842413964,13974.565200000001,0.003,0.08115601634918729
0.001,0.12330554842413964,14052.2284,0.001,0.08115601634918729
0.001,0.12330554842413964,14129.8916,0.002,0.08115601634918729
0.001,0.12330554842413964,14207.554800000002,0.003,0.08115601634918729
0.001,0.12311800069411388,14285.218,0.002,0.0808065944242731
0.001,0.12311800069411388,14362.8812,0.002,0.0808065944242731
0.001,0.12255052079035009,14440.5444,0.003,0.07972763094766472
0.001,0.12132941675241211,14518.207600000002,0.002,0.07725824964841767
0.001,0.12129180211632883,14595.8708,0.001,0.07714353762969904
0.001,0.12098752118256556,14673.534,0.004,0.07603416353590878
0.001,0.12017852023628069,14751.1972,0.003,0.07436829631178377
0.001,0.12017852023628069,14828.860400000001,0.002,0.07436829631178377
0.001,0.12136246166126725,14906.5236,0.003,0.07616260728829134
0.001,0.12114302733392614,14984.1868,0.006,0.075736894965142
0.001,0.12103762361595728,15061.85,0.004,0.07552235334832536
0.001,0.12103762361595728,15139.513200000001,0.003,0.07552235334832536
0.001,0.12052961216436968,15217.1764,0.006,0.07459736879106325
0.001,0.12052961216436968,15294.8396,0.003,0.07459736879106325
0.001,0.12052961216436968,15372.5028,0.002,0.07459736879106325
0.001,0.11928732834687905,15450.166000000001,0.007,0.0718732052558193
0.001,0.11796144418060293,15527.8292,0.008,0.0693235664079385
0.001,0.11678105141949816,15605.492400000001,0.008,0.06708640884234347
0.001,0.11592257113602836,15683.155600000002,0.011,0.06543722704870789
0.001,0.11592257113602836,15760.818800000001,0.006,0.06543722704870789
0.001,0.11592257113602836,15838.482,0.01,0.06543722704870789
0.001,0.11592257113602836,15916.1452,0.013,0.06543722704870789
0.001,0.11592257113602836,15993.808400000002,0.012,0.06543722704870789
0.001,0.11457731204262134,16071.4716,0.015,0.06290532797921819
0.001,0.11457731204262134,16149.1348,0.013,0.06290532797921819
0.001,0.11457731204262134,16226.798,0.014,0.06290532797921819
0.001,0.11457731204262134,16304.461200000002,0.01,0.06290532797921819
0.001,0.11457731204262134,16382.1244,0.01,0.06290532797921819
0.002,0.11404894292044411,16459.7876,0.014,0.061773217630961774
0.001,0.11434402211184669,16537.4508,0.01,0.06213874994081375
0.001,0.11434402211184669,16615.114,0.018,0.06213874994081375
0.001,0.11434402211184669,16692.7772,0.014,0.06213874994081375
0.001,0.11420636626674795,16770.4404,0.015,0.06173364292686461
0.001,0.11409709582768893,16848.103600000002,0.014,0.06151379207260246
0.001,0.11254024456840753,16925.766799999998,0.026,0.05850541737727549
0.001,0.11435155197013569,17003.43,0.016,0.061288314876190436
0.001,0.11435155197013569,17081.093200000003,0.02,0.061288314876190436
0.001,0.11436120653986125,17158.7564,0.011,0.06130327281584169
0.001,0.11436120653986125,17236.4196,0.015,0.06130327281584169
0.001,0.11402198838944448,17314.082800000004,0.021,0.06069028210777401
0.001,0.11402198838944448,17391.746,0.015,0.06069028210777401
0.001,0.11402198838944448,17469.409200000002,0.022,0.06069028210777401
0.001,0.11402198838944448,17547.0724,0.016,0.06069028210777401
0.001,0.11353298515981333,17624.7356,0.023,0.05969434186110477
0.001,0.11353298515981333,17702.398800000003,0.016,0.05969434186110477
0.001,0.11353298515981333,17780.061999999998,0.012,0.05969434186110477
0.001,0.11410611269947787,17857.7252,0.014,0.0605609193177431
0.001,0.113716091342346,17935.388400000003,0.023,0.05974175377130495
0.001,0.11334452132523615,18013.0516,0.023,0.059073106761408305
0.001,0.11250198320860458,18090.7148,0.031,0.05748488272611932
0.001,0.11229139463565141,18168.378,0.029,0.05700042848838366
0.001,0.11215170733135466,18246.0412,0.021,0.056741861838066295
0.001,0.11215170733135466,18323.704400000002,0.02,0.056741861838066295
0.001,0.11215170733135466,18401.367599999998,0.02,0.056741861838066295
0.001,0.10968707922887935,18479.0308,0.044,0.05225140864363557
0.001,0.1096349917069113,18556.694000000003,0.035,0.052111599980484084
0.001,0.1096349917069113,18634.3572,0.052,0.052111599980484084
0.001,0.10961058695579569,18712.0204,0.039,0.05205035212725112
0.001,0.10736153877318073,18789.683600000004,0.056,0.04816068148541812
0.001,0.1071088996015597,18867.3468,0.059,0.04773065942294326
0.001,0.10711807569621817,18945.010000000002,0.075,0.047734615389133914
0.001,0.10711807569621817,19022.6732,0.07,0.047734615389133914
0.001,0.10711807569621817,19100.3364,0.068,0.047734615389133914
0.001,0.10711807569621817,19177.999600000003,0.048,0.047734615389133914
0.001,0.10792408789615611,19255.6628,0.057,0.0490869069796467
0.001,0.10792408789615611,19333.326,0.06,0.0490869069796467
0.001,0.10792408789615611,19410.989200000004,0.065,0.0490869069796467
0.001,0.10798191909866671,19488.6524,0.047,0.04914841208917651
0.001,0.10652893532848628,19566.3156,0.071,0.04664204365950352
0.001,0.10652893532848628,19643.9788,0.067,0.04664204365950352
0.001,0.10634180592695858,19721.642,0.07,0.046321637756440354
0.001,0.10634180592695858,19799.305200000003,0.078,0.046321637756440354
0.001,0.10813560194913654,19876.968399999998,0.069,0.04936625627792254
0.001,0.10813560194913654,19954.6316,0.043,0.04936625627792254
0.001,0.10564687095157868,20032.294800000003,0.069,0.04507061353331971
0.001,0.10564687095157868,20109.958,0.066,0.04507061353331971
0.001,0.10338880180081239,20187.6212,0.121,0.04124723811320152
0.001,0.10338880180081239,20265.2844,0.116,0.04124723811320152
0.001,0.10501080310637684,20342.9476,0.107,0.04429255824224225
0.001,0.10574470828342553,20420.610800000002,0.093,0.045462496613002015
0.001,0.1036127662301006,20498.274,0.13,0.04229543604028008
0.001,0.1036127662301006,20575.9372,0.12,0.04229543604028008
0.001,0.1036127662301006,20653.600400000003,0.106,0.04229543604028008
0.001,0.10252925483185156,20731.2636,0.134,0.04068768491870081
0.002,0.0995900235612944,20808.9268,0.173,0.036362346436541376
0.001,0.0995900235612944,20886.590000000004,0.172,0.036362346436541376
0.001,0.09870781091697556,20964.2532,0.182,0.03505286217732263
0.001,0.09935695806784975,21041.916400000002,0.166,0.036101422116539765
0.001,0.09731037674386037,21119.5796,0.208,0.03308435597484235
0.002,0.09731037674386037,21197.2428,0.239,0.03308435597484235
0.001,0.09731037674386037,21274.906000000003,0.227,0.03308435597484235
0.001,0.09731037674386037,21352.569199999998,0.214,0.03308435597484235
0.001,0.09731037674386037,21430.2324,0.219,0.03308435597484235
0.001,0.09701626521719081,21507.895600000003,0.222,0.0327071050970075
0.001,0.09701626521719081,21585.5588,0.233,0.0327071050970075
0.001,0.09563566040893591,21663.222,0.238,0.030665794730843302
0.001,0.09715969877833773,21740.8852,0.239,0.033082207549760566
0.001,0.09701033865079167,21818.5484,0.23,0.03285800485465105
0.001,0.09797100545541973,21896.211600000002,0.199,0.034395202639035526
0.002,0.09797100545541973,21973.874799999998,0.192,0.034395202639035526
0.001,0.09745205431575216,22051.538,0.233,0.033609036645685875
0.001,0.09889966224349735,22129.201200000003,0.184,0.03589117433360697
0.002,0.09980310822014182,22206.8644,0.135,0.037284365007700354
0.001,0.09737858336766171,22284.5276,0.199,0.033650057782743624
0.002,0.0969362097560612,22362.190800000004,0.21,0.03299403339541839
0.001,0.0969362097560612,22439.854,0.184,0.03299403339541839
0.002,0.0969362097560612,22517.517200000002,0.183,0.03299403339541839
0.001,0.09654957981616816,22595.1804,0.183,0.03241146103341304
0.001,0.09654957981616816,22672.8436,0.176,0.03241146103341304
0.002,0.09654957981616816,22750.506800000003,0.209,0.03241146103341304
0.002,0.09701202441854781,22828.17,0.178,0.03317951084118163
0.001,0.0966289218231834,22905.8332,0.206,0.03259610449614928
0.001,0.09577743121361518,22983.496400000004,0.228,0.03129994827477788
0.002,0.09503135418014182,23061.1596,0.251,0.030156051937493704
0.002,0.0944250754833437,23138.8228,0.24,0.029243678723376566
0.001,0.09299130309134267,23216.486,0.298,0.0271055263850286
0.001,0.09299130309134267,23294.1492,0.314,0.0271055263850286
0.001,0.09299130309134267,23371.812400000003,0.292,0.0271055263850286
0.002,0.09299130309134267,23449.475599999998,0.295,0.0271055263850286
0.001,0.09288886136685551,23527.1388,0.285,0.026971973371612057
0.001,0.09288886136685551,23604.802000000003,0.257,0.026971973371612057
0.001,0.09288886136685551,23682.4652,0.294,0.026971973371612057
0.002,0.09288886136685551,23760.1284,0.287,0.026971973371612057
0.003,0.09224355666134305,23837.791600000004,0.34,0.025966939762798763
0.003,0.07805745005802905,23915.4548,0.825,0.005253892538619982
0.001,0.07805745005802905,23993.118000000002,0.825,0.005253892538619982
0.003,0.07775543473297226,24070.7812,0.832,0.00485961262916104
0.004,0.07775543473297226,24148.4444,0.837,0.00485961262916104
0.004,0.07803132304878166,24226.107600000003,0.813,0.005446946048826003
0.003,0.07834388488998094,24303.7708,0.781,0.006084395869287589
0.004,0.0782409842039971,24381.434,0.775,0.00598864716965137
0.003,0.07774566624796592,24459.097200000004,0.811,0.005459440846649238
0.003,0.07719306766402192,24536.7604,0.838,0.0047474248935508445
0.003,0.07719306766402192,24614.423600000002,0.827,0.0047474248935508445
0.002,0.07719306766402192,24692.0868,0.851,0.0047474248935508445
0.002,0.07657088963870994,24769.75,0.855,0.0038658935495563184
0.003,0.07657088963870994,24847.413200000003,0.89,0.0038658935495563184
0.004,0.07633372550513301,24925.076399999998,0.872,0.0035681424676771165
0.002,0.07633372550513301,25002.7396,0.878,0.0035681424676771165
0.004,0.07633372550513301,25080.402800000003,0.897,0.0035681424676771165
0.007,0.07382179053586405,25158.066,0.997,-0.0001477392883670036
0.003,0.07382179053586405,25235.7292,0.996,-0.0001477392883670036
0.003,0.072289435040936,25313.3924,0.925,-0.002434241357806512
0.004,0.072289435040936,25391.0556,0.922,-0.002434241357806512
0.006,0.07298496604216655,25468.718800000002,0.963,-0.0011696946982833545
0.006,0.07298496604216655,25546.382,0.952,-0.0011696946982833545
0.005,0.0751514675348855,25624.0452,0.914,0.0024191759992863524
0.001,0.07405021914922563,25701.708400000003,0.97,0.0007911144823414114
0.003,0.07405021914922563,25779.3716,0.971,0.0007911144823414114
0.006,0.07405021914922563,25857.0348,0.975,0.0007911144823414114
0.007,0.0731749997332713,25934.698000000004,0.984,-0.0003903450568556679
0.002,0.07250931199674535,26012.3612,0.94,-0.0013491649941384594
0.004,0.07250931199674535,26090.024400000002,0.937,-0.0013491649941384594
0.004,0.0727449447594428,26167.6876,0.967,-0.0008040156128622312
0.005,0.0727449447594428,26245.3508,0.972,-0.0008040156128622312
0.004,0.0727449447594428,26323.014000000003,0.969,-0.0008040156128622312
0.003,0.0727449447594428,26400.6772,0.971,-0.0008040156128622312
0.003,0.0727449447594428,26478.3404,0.971,-0.0008040156128622312
0.006,0.09391465218090239,26556.003600000004,0.359,0.02806804648200705
0.008,0.09365539069119411,26633.6668,0.38,0.027762969550647616
0.002,0.0936169998285307,26711.33,0.381,0.027717512769841777
0.007,0.0936169998285307,26788.9932,0.388,0.027717512769841777
0.005,0.0936169998285307,26866.6564,0.406,0.027717512769841777
0.008,0.09365588170256765,26944.319600000003,0.369,0.027642028758409105
0.008,0.09365588170256765,27021.9828,0.365,0.027642028758409105
0.006,0.09365588170256765,27099.646,0.375,0.027642028758409105
0.008,0.09362380616123848,27177.309200000003,0.37,0.027602948507663067
0.005,0.09362380616123848,27254.9724,0.374,0.027602948507663067
0.008,0.0928150503819368,27332.6356,0.382,0.026525035130090132
0.012,0.09273741337050448,27410.298800000004,0.368,0.0263042088669691
0.003,0.09273741337050448,27487.962,0.383,0.0263042088669691
0.007,0.09273741337050448,27565.625200000002,0.445,0.0263042088669691
0.005,0.09273741337050448,27643.2884,0.433,0.0263042088669691
0.006,0.09273741337050448,27720.9516,0.408,0.0263042088669691
0.008,0.09416304048194812,27798.614800000003,0.384,0.027578339078870265
0.005,0.10414610033211685,27876.278,0.191,0.039272588958981364
0.002,0.10414610033211685,27953.9412,0.203,0.039272588958981364
0.003,0.10414610033211685,28031.604400000004,0.221,0.039272588958981364
0.005,0.10414610033211685,28109.2676,0.213,0.039272588958981364
0.005,0.10577420442973068,28186.930800000002,0.188,0.0410330720458651
0.001,0.10577420442973068,28264.594,0.188,0.0410330720458651
0.002,0.10577420442973068,28342.2572,0.212,0.0410330720458651
0.002,0.10577420442973068,28419.920400000003,0.177,0.0410330720458651
0.003,0.1045860751256226,28497.583599999998,0.204,0.03940189468163902
0.003,0.10379732859699525,28575.2468,0.22,0.03825590464274099
0.002,0.10379732859699525,28652.910000000003,0.214,0.03825590464274099
0.001,0.10099555018258916,28730.5732,0.278,0.03467417477083998
0.002,0.0997524065941789,28808.2364,0.29,0.03297678637785876
0.005,0.0997524065941789,28885.899600000004,0.313,0.03297678637785876
0.026,0.07636096292890239,28963.5628,0.963,0.0015270715489807832
0.022,0.07636096292890239,29041.226000000002,0.956,0.0015270715489807832
0.046,0.076307216518571,29118.8892,0.959,0.001462404261696928
0.04,0.07621562834308271,29196.5524,0.968,0.0013532915559256568
0.032,0.07621562834308271,29274.215600000003,0.955,0.0013532915559256568
0.03,0.07621562834308271,29351.8788,0.969,0.0013532915559256568
0.026,0.07621562834308271,29429.542,0.968,0.0013532915559256568
0.019,0.07621562834308271,29507.205200000004,0.967,0.0013532915559256568
0.034,0.07621562834308271,29584.8684,0.963,0.0013532915559256568
0.035,0.07675535133017533,29662.531600000002,0.949,0.0017936753050502006
0.019,0.0794550719666147,29740.1948,0.884,0.0047605427856135295
0.018,0.0794550719666147,29817.858,0.892,0.0047605427856135295
0.028,0.0794550719666147,29895.521200000003,0.894,0.0047605427856135295
0.031,0.07741987455506008,29973.1844,0.949,0.0021439099732551616
0.062,0.06551138318642748,30050.8476,0.686,-0.013628506044665683
0.06,0.06551138318642748,30128.510800000004,0.694,-0.013628506044665683
0.072,0.06450506736568415,30206.174,0.624,-0.01500384648569551
0.06,0.06450506736568415,30283.8372,0.632,-0.01500384648569551
0.072,0.06450506736568415,30361.5004,0.634,-0.01500384648569551
0.059,0.06512726529577319,30439.1636,0.631,-0.014499897747353647
0.057,0.06408020318994209,30516.826800000003,0.633,-0.015937572289203394
0.063,0.06408020318994209,30594.49,0.638,-0.015937572289203394
0.077,0.06408020318994209,30672.1532,0.615,-0.015937572289203394
0.082,0.06408020318994209,30749.816400000003,0.61,-0.015937572289203394
0.059,0.06408020318994209,30827.4796,0.619,-0.015937572289203394
0.073,0.06408020318994209,30905.1428,0.636,-0.015937572289203394
0.067,0.06311284458564273,30982.806000000004,0.576,-0.017297448822324476
0.078,0.06311284458564273,31060.4692,0.596,-0.017297448822324476
0.063,0.06311284458564273,31138.132400000002,0.594,-0.017297448822324476
0.081,0.06311284458564273,31215.7956,0.607,-0.017297448822324476
0.079,0.06311284458564273,31293.4588,0.565,-0.017297448822324476
0.085,0.061522994377995285,31371.122000000003,0.562,-0.019405810130716593
0.079,0.061522994377995285,31448.7852,0.562,-0.019405810130716593
0.055,0.06537331997134868,31526.4484,0.635,-0.015330343152109679
0.056,0.06450165218751772,31604.111600000004,0.596,-0.016614423803526276
0.063,0.06450165218751772,31681.7748,0.597,-0.016614423803526276
0.058,0.06450165218751772,31759.438000000002,0.611,-0.016614423803526276
0.083,0.06031157263907658,31837.1012,0.481,-0.022075526076104288
0.088,0.06031157263907658,31914.7644,0.474,-0.022075526076104288
0.101,0.05870500108352089,31992.427600000003,0.453,-0.024226947800439817
0.094,0.05870500108352089,32070.0908,0.434,-0.024226947800439817
0.104,0.05870500108352089,32147.754,0.433,-0.024226947800439817
0.09,0.05870500108352089,32225.417200000004,0.424,-0.024226947800439817
0.103,0.05604861818460854,32303.0804,0.4,-0.027628029424898136
0.105,0.05582753085461126,32380.7436,0.385,-0.028137332638820834
0.114,0.05582753085461126,32458.406800000004,0.388,-0.028137332638820834
0.1,0.05582753085461126,32536.07,0.365,-0.028137332638820834
0.13,0.05582753085461126,32613.733200000002,0.388,-0.028137332638820834
0.108,0.05582753085461126,32691.3964,0.384,-0.028137332638820834
0.125,0.05384788319640973,32769.0596,0.337,-0.030752120919393514
0.12,0.05384788319640973,32846.7228,0.332,-0.030752120919393514
0.154,0.0524211549883455,32924.386,0.315,-0.0327038638982213
0.159,0.05144097469926498,33002.0492,0.297,-0.034121239622520366
0.156,0.05144097469926498,33079.712400000004,0.292,-0.034121239622520366
0.138,0.05106239083361133,33157.3756,0.303,-0.034823112230551276
0.141,0.05106239083361133,33235.0388,0.268,-0.034823112230551276
0.149,0.05106239083361133,33312.702000000005,0.291,-0.034823112230551276
0.157,0.05106239083361133,33390.3652,0.273,-0.034823112230551276
0.189,0.047670686880771404,33468.028399999996,0.231,-0.03938732438055789
0.178,0.047640031298105415,33545.691600000006,0.234,-0.03967536932548392
0.191,0.044868379930170045,33623.3548,0.171,-0.04347617816489904
0.233,0.04425658456358725,33701.018,0.164,-0.044457221436532676
0.217,0.04425658456358725,33778.681200000006,0.155,-0.044457221436532676
0.194,0.04425658456358725,33856.3444,0.177,-0.044457221436532676
0.202,0.04425658456358725,33934.0076,0.17,-0.044457221436532676
0.225,0.04425658456358725,34011.67080000001,0.197,-0.044457221436532676
0.158,0.049176859171125,34089.334,0.239,-0.038879323347121617
0.188,0.047032820928311264,34166.9972,0.197,-0.041716911519956865
0.176,0.04895883159615142,34244.6604,0.238,-0.039735739885998655
0.097,0.05817548091746066,34322.3236,0.344,-0.029193570814774937
0.103,0.05817548091746066,34399.9868,0.332,-0.029193570814774937
0.09,0.05817548091746066,34477.65,0.4,-0.029193570814774937
0.076,0.05817548091746066,34555.313200000004,0.359,-0.029193570814774937
0.1,0.05817548091746066,34632.9764,0.376,-0.029193570814774937
0.097,0.05817548091746066,34710.6396,0.364,-0.029193570814774937
0.097,0.05817548091746066,34788.302800000005,0.344,-0.029193570814774937
0.096,0.05817548091746066,34865.966,0.378,-0.029193570814774937
0.115,0.05817548091746066,34943.629199999996,0.38,-0.029193570814774937
0.093,0.055868854830495085,35021.292400000006,0.323,-0.032325782766541675
0.125,0.053828714208028566,35098.9556,0.292,-0.035131419182239026
0.126,0.053828714208028566,35176.6188,0.282,-0.035131419182239026
0.152,0.053828714208028566,35254.28200000001,0.248,-0.035131419182239026
0.122,0.053828714208028566,35331.9452,0.286,-0.035131419182239026
0.114,0.053828714208028566,35409.6084,0.288,-0.035131419182239026
0.117,0.053828714208028566,35487.27160000001,0.296,-0.035131419182239026
0.118,0.053828714208028566,35564.9348,0.28,-0.035131419182239026
0.116,0.053828714208028566,35642.598,0.329,-0.035131419182239026
0.164,0.05055430158963744,35720.2612,0.201,-0.03944921341090416
0.148,0.05055430158963744,35797.9244,0.23,-0.03944921341090416
0.162,0.05055430158963744,35875.5876,0.24,-0.03944921341090416
0.155,0.05055430158963744,35953.2508,0.219,-0.03944921341090416
0.156,0.048506364821179065,36030.914000000004,0.2,-0.04227567914833637
0.166,0.048506364821179065,36108.5772,0.202,-0.04227567914833637
0.184,0.048506364821179065,36186.2404,0.21,-0.04227567914833637
0.154,0.048506364821179065,36263.903600000005,0.188,-0.04227567914833637
0.18,0.048506364821179065,36341.5668,0.187,-0.04227567914833637
0.215,0.044224286850712904,36419.229999999996,0.139,-0.047818716234158724
0.276,0.04064797476533929,36496.893200000006,0.097,-0.052469017536794005
0.237,0.0414388029804994,36574.5564,0.113,-0.051824392910728934
0.265,0.0414388029804994,36652.2196,0.116,-0.051824392910728934
0.214,0.0414388029804994,36729.88280000001,0.12,-0.051824392910728934
0.144,0.05129821511420897,36807.546,0.211,-0.04068240342840509
0.16,0.05129821511420897,36885.2092,0.221,-0.04068240342840509
0.13,0.05129821511420897,36962.87240000001,0.173,-0.04068240342840509
0.153,0.05163875336396459,37040.5356,0.189,-0.040698106727119925
0.134,0.052281515820244664,37118.1988,0.232,-0.040371187985132256
0.165,0.05032391215926111,37195.862,0.189,-0.04314500413125835
0.159,0.05032391215926111,37273.525200000004,0.182,-0.04314500413125835
0.207,0.04606657967301449,37351.1884,0.141,-0.04862545927887091
0.197,0.04606657967301449,37428.8516,0.148,-0.04862545927887091
0.196,0.04606657967301449,37506.514800000004,0.125,-0.04862545927887091
0.193,0.04606657967301449,37584.178,0.129,-0.04862545927887091
0.193,0.04606657967301449,37661.8412,0.13,-0.04862545927887091
0.187,0.043765339580517384,37739.504400000005,0.109,-0.051775932283947994
0.28,0.040646349110312396,37817.1676,0.104,-0.05586917471583337
0.24,0.040646349110312396,37894.830799999996,0.079,-0.05586917471583337
0.242,0.040646349110312396,37972.494000000006,0.085,-0.05586917471583337
0.311,0.03735286796100096,38050.1572,0.061,-0.06014176011103253
0.331,0.03463183554613344,38127.8204,0.062,-0.06370985540503554
0.297,0.03463183554613344,38205.48360000001,0.061,-0.06370985540503554
0.328,0.03463183554613344,38283.1468,0.064,-0.06370985540503554
0.373,0.033007952001488386,38360.81,0.041,-0.06597465216455325
0.357,0.033007952001488386,38438.4732,0.048,-0.06597465216455325
0.326,0.033007952001488386,38516.1364,0.038,-0.06597465216455325
0.33,0.033007952001488386,38593.7996,0.042,-0.06597465216455325
0.375,0.03143257793085347,38671.4628,0.044,-0.06817651093793417
0.363,0.03143257793085347,38749.126000000004,0.034,-0.06817651093793417
0.5,0.023292755896637575,38826.7892,0.022,-0.07827504970848176
0.518,0.023292755896637575,38904.4524,0.02,-0.07827504970848176
0.513,0.023292755896637575,38982.115600000005,0.017,-0.07827504970848176
0.542,0.023292755896637575,39059.7788,0.015,-0.07827504970848176
0.533,0.023292755896637575,39137.442,0.022,-0.07827504970848176
0.526,0.023292755896637575,39215.105200000005,0.021,-0.07827504970848176
0.599,0.017926477158564852,39292.7684,0.007,-0.08476194934103465
0.611,0.017926477158564852,39370.431599999996,0.017,-0.08476194934103465
0.632,0.017926477158564852,39448.094800000006,0.007,-0.08476194934103465
0.628,0.017926477158564852,39525.758,0.009,-0.08476194934103465
0.648,0.017926477158564852,39603.4212,0.006,-0.08476194934103465
0.715,0.014102394447082065,39681.08440000001,0.007,-0.08942030537173917
0.794,0.009617539417337376,39758.7476,0.003,-0.09494933913553504
0.809,0.008702948821647486,39836.4108,0.006,-0.09616785309066991
0.836,0.008702948821647486,39914.074,0.005,-0.09616785309066991
0.846,0.006781727130996059,39991.7372,0.004,-0.09850416644264766
0.87,0.006781727130996059,40069.4004,0.003,-0.09850416644264766
0.837,0.006781727130996059,40147.0636,0.002,-0.09850416644264766
0.847,0.006781727130996059,40224.726800000004,0.001,-0.09850416644264766
0.853,0.006781727130996059,40302.39,0.005,-0.09850416644264766
0.878,0.006781727130996059,40380.0532,0.005,-0.09850416644264766
0.867,0.006781727130996059,40457.716400000005,0.002,-0.09850416644264766
0.857,0.006781727130996059,40535.3796,0.001,-0.09850416644264766
0.861,0.006781727130996059,40613.0428,0.004,-0.09850416644264766
0.831,0.006781727130996059,40690.706000000006,0.001,-0.09850416644264766
0.869,0.006781727130996059,40768.3692,0.005,-0.09850416644264766
0.873,0.006781727130996059,40846.0324,0.004,-0.09850416644264766
0.855,0.006781727130996059,40923.69560000001,0.007,-0.09850416644264766
0.859,0.006781727130996059,41001.3588,0.006,-0.09850416644264766
0.946,0.002412957109744335,41079.022,0.002,-0.10369028229502947
0.944,0.002412957109744335,41156.68520000001,0.002,-0.10369028229502947
0.947,0.002412957109744335,41234.3484,0.003,-0.10369028229502947
0.955,0.002412957109744335,41312.0116,0.002,-0.10369028229502947
0.944,0.002412957109744335,41389.6748,0.003,-0.10369028229502947
0.947,0.002412957109744335,41467.338,0.005,-0.10369028229502947
0.95,0.002412957109744335,41545.0012,0.003,-0.10369028229502947
0.946,0.002412957109744335,41622.6644,0.005,-0.10369028229502947
0.921,0.0032059468016974037,41700.327600000004,0.002,-0.10287330623667916
0.935,0.0032059468016974037,41777.9908,0.005,-0.10287330623667916
0.932,0.0032059468016974037,41855.654,0.005,-0.10287330623667916
0.938,0.0032059468016974037,41933.317200000005,0.004,-0.10287330623667916
0.929,0.0032059468016974037,42010.9804,0.003,-0.10287330623667916
0.941,0.0032059468016974037,42088.6436,0.003,-0.10287330623667916
0.921,0.0032059468016974037,42166.306800000006,0.005,-0.10287330623667916
0.922,0.0032059468016974037,42243.97,0.004,-0.10287330623667916
0.934,0.0032059468016974037,42321.6332,0.004,-0.10287330623667916
0.934,0.0032059468016974037,42399.29640000001,0.005,-0.10287330623667916
0.933,0.0032059468016974037,42476.9596,0.003,-0.10287330623667916
0.94,0.0032059468016974037,42554.6228,0.001,-0.10287330623667916
0.927,0.0032059468016974037,42632.28600000001,0.002,-0.10287330623667916
0.925,0.0032059468016974037,42709.9492,0.003,-0.10287330623667916
0.858,-0.005842757586976876,42787.6124,0.001,-0.11317485218497488
0.895,-0.005842757586976876,42865.2756,0.001,-0.11317485218497488
0.878,-0.005842757586976876,42942.9388,0.002,-0.11317485218497488
0.885,-0.005842757586976876,43020.602,0.002,-0.11317485218497488
0.877,-0.005842757586976876,43098.2652,0.001,-0.11317485218497488
0.744,-0.01231066456699861,43175.928400000004,0.001,-0.12034413312511175
0.741,-0.01231066456699861,43253.5916,0.001,-0.12034413312511175
0.64,-0.016493841483626627,43331.2548,0.001,-0.12480364708537978
0.532,-0.021243977413125385,43408.918000000005,0.001,-0.12976524250871052
0.557,-0.021243977413125385,43486.5812,0.001,-0.12976524250871052
0.593,-0.021243977413125385,43564.244399999996,0.002,-0.12976524250871052
0.541,-0.021243977413125385,43641.907600000006,0.001,-0.12976524250871052
0.536,-0.021243977413125385,43719.5708,0.001,-0.12976524250871052
0.471,-0.024090353053421183,43797.234,0.002,-0.13252922133577402
0.513,-0.024090353053421183,43874.89720000001,0.001,-0.13252922133577402
0.454,-0.026012908866961573,43952.5604,0.001,-0.13421248238984157
0.467,-0.026012908866961573,44030.2236,0.001,-0.13421248238984157
0.465,-0.026012908866961573,44107.88680000001,0.001,-0.13421248238984157
0.458,-0.026012908866961573,44185.55,0.001,-0.13421248238984157
0.489,-0.026012908866961573,44263.2132,0.001,-0.13421248238984157
0.457,-0.026012908866961573,44340.8764,0.001,-0.13421248238984157
0.486,-0.026012908866961573,44418.539600000004,0.001,-0.13421248238984157
0.454,-0.026012908866961573,44496.2028,0.001,-0.13421248238984157
0.479,-0.026012908866961573,44573.866,0.001,-0.13421248238984157
0.478,-0.026012908866961573,44651.529200000004,0.001,-0.13421248238984157
0.477,-0.026012908866961573,44729.1924,0.001,-0.13421248238984157
0.453,-0.026012908866961573,44806.8556,0.001,-0.13421248238984157
0.461,-0.026012908866961573,44884.518800000005,0.001,-0.13421248238984157
0.465,-0.026012908866961573,44962.182,0.001,-0.13421248238984157
0.468,-0.026012908866961573,45039.845199999996,0.001,-0.13421248238984157
0.463,-0.026012908866961573,45117.508400000006,0.001,-0.13421248238984157
0.464,-0.026012908866961573,45195.1716,0.001,-0.13421248238984157
0.436,-0.026810961256429403,45272.8348,0.001,-0.1345671777536201
0.476,-0.026810961256429403,45350.49800000001,0.001,-0.1345671777536201
0.392,-0.03165651403266727,45428.1612,0.001,-0.13922134885219528
0.386,-0.030203301741389472,45505.8244,0.001,-0.1370612246441731
0.4,-0.030203301741389472,45583.48760000001,0.001,-0.1370612246441731
0.365,-0.031132136821779722,45661.1508,0.001,-0.13741680865242656
0.367,-0.031132136821779722,45738.814,0.001,-0.13741680865242656
0.401,-0.031132136821779722,45816.4772,0.002,-0.13741680865242656
0.408,-0.031132136821779722,45894.140400000004,0.001,-0.13741680865242656
0.366,-0.031132136821779722,45971.8036,0.001,-0.13741680865242656
0.363,-0.03153531638818599,46049.4668,0.001,-0.1371729611954345
0.392,-0.03153531638818599,46127.130000000005,0.001,-0.1371729611954345
0.368,-0.03153531638818599,46204.7932,0.001,-0.1371729611954345
0.348,-0.03153531638818599,46282.4564,0.001,-0.1371729611954345
0.377,-0.03153531638818599,46360.119600000005,0.001,-0.1371729611954345
0.397,-0.03153531638818599,46437.7828,0.001,-0.1371729611954345
0.393,-0.03153531638818599,46515.445999999996,0.001,-0.1371729611954345
0.387,-0.03153531638818599,46593.109200000006,0.001,-0.1371729611954345
0.384,-0.03153531638818599,46670.7724,0.001,-0.1371729611954345
0.384,-0.03153531638818599,46748.4356,0.001,-0.1371729611954345
0.399,-0.03153531638818599,46826.09880000001,0.001,-0.1371729611954345
0.38,-0.03153531638818599,46903.762,0.001,-0.1371729611954345
0.381,-0.03153531638818599,46981.4252,0.001,-0.1371729611954345
0.353,-0.03153531638818599,47059.08840000001,0.001,-0.1371729611954345
0.349,-0.03153531638818599,47136.7516,0.001,-0.1371729611954345
0.387,-0.03153531638818599,47214.4148,0.001,-0.1371729611954345
0.39,-0.03153531638818599,47292.078,0.001,-0.1371729611954345
0.375,-0.03153531638818599,47369.741200000004,0.001,-0.1371729611954345
0.389,-0.031959178169495846,47447.4044,0.001,-0.13681510615784603
0.39,-0.031959178169495846,47525.0676,0.001,-0.13681510615784603
0.39,-0.031959178169495846,47602.730800000005,0.001,-0.13681510615784603
0.34,-0.031959178169495846,47680.394,0.001,-0.13681510615784603
0.366,-0.031959178169495846,47758.0572,0.001,-0.13681510615784603
0.374,-0.031959178169495846,47835.720400000006,0.001,-0.13681510615784603
0.379,-0.031959178169495846,47913.3836,0.001,-0.13681510615784603
0.365,-0.031959178169495846,47991.0468,0.001,-0.13681510615784603
0.384,-0.031959178169495846,48068.71000000001,0.001,-0.13681510615784603
0.371,-0.031959178169495846,48146.3732,0.001,-0.13681510615784603
0.36,-0.031959178169495846,48224.0364,0.001,-0.13681510615784603
0.376,-0.031959178169495846,48301.69960000001,0.001,-0.13681510615784603
0.37,-0.031959178169495846,48379.3628,0.001,-0.13681510615784603
0.391,-0.031959178169495846,48457.026,0.001,-0.13681510615784603
0.401,-0.031959178169495846,48534.68920000001,0.001,-0.13681510615784603
0.36,-0.031959178169495846,48612.3524,0.001,-0.13681510615784603
0.374,-0.031959178169495846,48690.0156,0.001,-0.13681510615784603
0.369,-0.031843495135401266,48767.6788,0.001,-0.13576389888773918
0.364,-0.031843495135401266,48845.342000000004,0.001,-0.13576389888773918
0.367,-0.03224083174792318,48923.0052,0.001,-0.13522895829010956
0.369,-0.03224083174792318,49000.6684,0.002,-0.13522895829010956
0.455,-0.02535251882249218,49078.331600000005,0.001,-0.12747629455577086
0.479,-0.02535251882249218,49155.9948,0.001,-0.12747629455577086
0.526,-0.023646008254232298,49233.658,0.001,-0.12504550553033086
0.552,-0.023646008254232298,49311.321200000006,0.001,-0.12504550553033086
0.515,-0.023646008254232298,49388.9844,0.002,-0.12504550553033086
0.503,-0.023646008254232298,49466.6476,0.001,-0.12504550553033086
0.509,-0.023646008254232298,49544.31080000001,0.001,-0.12504550553033086
0.495,-0.023646008254232298,49621.974,0.001,-0.12504550553033086
0.49,-0.023646008254232298,49699.6372,0.001,-0.12504550553033086
0.512,-0.023646008254232298,49777.30040000001,0.001,-0.12504550553033086
0.487,-0.023646008254232298,49854.9636,0.001,-0.12504550553033086
0.505,-0.023646008254232298,49932.6268,0.001,-0.12504550553033086
0.307,-0.03486669293613977,50010.29,0.001,-0.1348572516016887
0.323,-0.03486669293613977,50087.9532,0.001,-0.1348572516016887
0.314,-0.03486669293613977,50165.6164,0.001,-0.1348572516016887
0.32,-0.03486669293613977,50243.2796,0.001,-0.1348572516016887
0.333,-0.03486669293613977,50320.942800000004,0.001,-0.1348572516016887
0.306,-0.03486669293613977,50398.606,0.001,-0.1348572516016887
0.285,-0.03486669293613977,50476.2692,0.001,-0.1348572516016887
0.329,-0.03486669293613977,50553.932400000005,0.001,-0.1348572516016887
0.23,-0.042114830949850635,50631.5956,0.002,-0.14035824566148378
0.219,-0.042114830949850635,50709.2588,0.001,-0.14035824566148378
0.206,-0.04455390574166068,50786.922000000006,0.001,-0.14106155901235848
0.229,-0.04455390574166068,50864.5852,0.001,-0.14106155901235848
0.206,-0.04455390574166068,50942.2484,0.001,-0.14106155901235848
0.196,-0.04455390574166068,51019.91160000001,0.001,-0.14106155901235848
0.219,-0.04455390574166068,51097.5748,0.001,-0.14106155901235848
0.197,-0.04455390574166068,51175.238,0.001,-0.14106155901235848
0.203,-0.04455390574166068,51252.90120000001,0.001,-0.14106155901235848
0.219,-0.04455390574166068,51330.5644,0.001,-0.14106155901235848
0.2,-0.04455390574166068,51408.2276,0.001,-0.14106155901235848
0.187,-0.04455390574166068,51485.8908,0.001,-0.14106155901235848
0.2,-0.04455390574166068,51563.554000000004,0.001,-0.14106155901235848
0.22,-0.04455390574166068,51641.2172,0.001,-0.14106155901235848
0.208,-0.04455390574166068,51718.8804,0.001,-0.14106155901235848
0.199,-0.04455390574166068,51796.543600000005,0.001,-0.14106155901235848
0.642,-0.018019621466496445,51874.2068,0.001,-0.11594640763721636
0.603,-0.018019621466496445,51951.87,0.002,-0.11594640763721636
0.411,-0.028401887195275657,52029.533200000005,0.001,-0.12393595708872382
0.442,-0.028401887195275657,52107.1964,0.001,-0.12393595708872382
0.407,-0.028401887195275657,52184.8596,0.001,-0.12393595708872382
0.433,-0.028401887195275657,52262.522800000006,0.001,-0.12393595708872382
0.373,-0.030997319253958086,52340.186,0.002,-0.12480049646604109
0.384,-0.030997319253958086,52417.8492,0.001,-0.12480049646604109
0.366,-0.030997319253958086,52495.51240000001,0.001,-0.12480049646604109
0.328,-0.032999025101704105,52573.1756,0.001,-0.12494620129953785
0.306,-0.032999025101704105,52650.8388,0.001,-0.12494620129953785
0.325,-0.032999025101704105,52728.50200000001,0.001,-0.12494620129953785
0.339,-0.032999025101704105,52806.1652,0.002,-0.12494620129953785
0.327,-0.032999025101704105,52883.8284,0.001,-0.12494620129953785
0.403,-0.02924623856529442,52961.4916,0.001,-0.12059595531800912
0.406,-0.02924623856529442,53039.154800000004,0.001,-0.12059595531800912
0.427,-0.02924623856529442,53116.818,0.001,-0.12059595531800912
0.384,-0.02924623856529442,53194.4812,0.001,-0.12059595531800912
0.4,-0.02924623856529442,53272.144400000005,0.003,-0.12059595531800912
0.4,-0.02924623856529442,53349.8076,0.002,-0.12059595531800912
0.364,-0.02924623856529442,53427.4708,0.001,-0.12059595531800912
0.414,-0.02924623856529442,53505.134000000005,0.002,-0.12059595531800912
0.394,-0.02924623856529442,53582.7972,0.002,-0.12059595531800912
0.379,-0.02924623856529442,53660.4604,0.002,-0.12059595531800912
0.394,-0.02924623856529442,53738.123600000006,0.002,-0.12059595531800912
0.399,-0.02924623856529442,53815.7868,0.002,-0.12059595531800912
0.407,-0.02924623856529442,53893.45,0.003,-0.12059595531800912
0.375,-0.02924623856529442,53971.11320000001,0.001,-0.12059595531800912
0.391,-0.02924623856529442,54048.7764,0.002,-0.12059595531800912
0.39,-0.02924623856529442,54126.4396,0.002,-0.12059595531800912
0.998,2.9205410254345716e-05,54204.10280000001,0.007,-0.09831430985893445
0.999,2.9205410254345716e-05,54281.766,0.004,-0.09831430985893445
0.998,2.9205410254345716e-05,54359.4292,0.003,-0.09831430985893445
0.719,0.01100144103802558,54437.0924,0.008,-0.0909250859381456
0.756,0.01100144103802558,54514.755600000004,0.004,-0.0909250859381456
0.783,0.01100144103802558,54592.4188,0.006,-0.0909250859381456
0.735,0.01100144103802558,54670.082,0.008,-0.0909250859381456
0.746,0.01100144103802558,54747.745200000005,0.005,-0.0909250859381456
0.74,0.01100144103802558,54825.4084,0.008,-0.0909250859381456
0.756,0.01100144103802558,54903.0716,0.012,-0.0909250859381456
0.758,0.01100144103802558,54980.734800000006,0.008,-0.0909250859381456
0.746,0.01100144103802558,55058.398,0.011,-0.0909250859381456
0.75,0.01100144103802558,55136.0612,0.004,-0.0909250859381456
0.726,0.01100144103802558,55213.72440000001,0.006,-0.0909250859381456
0.748,0.01100144103802558,55291.3876,0.005,-0.0909250859381456
0.725,0.01100144103802558,55369.0508,0.009,-0.0909250859381456
0.752,0.01100144103802558,55446.71400000001,0.008,-0.0909250859381456
0.751,0.01100144103802558,55524.3772,0.007,-0.0909250859381456
0.757,0.01100144103802558,55602.0404,0.006,-0.0909250859381456
0.757,0.01100144103802558,55679.70360000001,0.009,-0.0909250859381456
0.718,0.01100144103802558,55757.3668,0.008,-0.0909250859381456
0.727,0.01100144103802558,55835.03,0.007,-0.0909250859381456
0.739,0.01100144103802558,55912.6932,0.01,-0.0909250859381456
0.741,0.01100144103802558,55990.356400000004,0.006,-0.0909250859381456
0.894,0.0035352774265574646,56068.0196,0.008,-0.0959213630804287
0.898,0.0035352774265574646,56145.6828,0.006,-0.0959213630804287
0.936,0.0035352774265574646,56223.346000000005,0.003,-0.0959213630804287
0.903,0.0035352774265574646,56301.0092,0.003,-0.0959213630804287
0.912,0.0035352774265574646,56378.6724,0.001,-0.0959213630804287
0.912,0.0035352774265574646,56456.335600000006,0.003,-0.0959213630804287
0.918,0.0035352774265574646,56533.9988,0.004,-0.0959213630804287
0.931,0.0035352774265574646,56611.662,0.005,-0.0959213630804287
0.92,0.0035352774265574646,56689.32520000001,0.003,-0.0959213630804287
0.912,0.0035352774265574646,56766.9884,0.003,-0.0959213630804287
0.917,0.0035352774265574646,56844.6516,0.007,-0.0959213630804287
0.903,0.0035352774265574646,56922.31480000001,0.004,-0.0959213630804287
0.912,0.0035352774265574646,56999.978,0.007,-0.0959213630804287
0.899,0.0035352774265574646,57077.6412,0.002,-0.0959213630804287
0.931,0.0035352774265574646,57155.30440000001,0.004,-0.0959213630804287
0.923,0.0035352774265574646,57232.9676,0.002,-0.0959213630804287
0.901,0.0035352774265574646,57310.6308,0.01,-0.0959213630804287
0.911,0.0035352774265574646,57388.294,0.008,-0.0959213630804287
0.9,0.0035352774265574646,57465.957200000004,0.005,-0.0959213630804287
0.919,0.0035352774265574646,57543.6204,0.002,-0.0959213630804287
0.915,0.0035352774265574646,57621.2836,0.008,-0.0959213630804287
0.919,0.0035352774265574646,57698.946800000005,0.002,-0.0959213630804287
0.927,0.0035352774265574646,57776.61,0.006,-0.0959213630804287
0.921,0.0035352774265574646,57854.2732,0.006,-0.0959213630804287
0.893,0.0035352774265574646,57931.936400000006,0.004,-0.0959213630804287
0.922,0.0035352774265574646,58009.5996,0.005,-0.0959213630804287
0.921,0.0035352774265574646,58087.2628,0.005,-0.0959213630804287
0.912,0.0035352774265574646,58164.92600000001,0.007,-0.0959213630804287
0.911,0.0035352774265574646,58242.5892,0.007,-0.0959213630804287
0.9,0.0035352774265574646,58320.2524,0.004,-0.0959213630804287
0.913,0.0035352774265574646,58397.91560000001,0.009,-0.0959213630804287
0.928,0.0035352774265574646,58475.5788,0.004,-0.0959213630804287
0.909,0.0035352774265574646,58553.242,0.004,-0.0959213630804287
0.906,0.0035352774265574646,58630.90520000001,0.006,-0.0959213630804287
0.914,0.0035352774265574646,58708.568400000004,0.003,-0.0959213630804287
0.928,0.0035352774265574646,58786.2316,0.007,-0.0959213630804287
0.926,0.0035352774265574646,58863.8948,0.005,-0.0959213630804287
0.919,0.0035352774265574646,58941.558000000005,0.002,-0.0959213630804287
0.907,0.0035352774265574646,59019.2212,0.004,-0.0959213630804287
0.891,0.0035352774265574646,59096.8844,0.007,-0.0959213630804287
0.922,0.0035352774265574646,59174.547600000005,0.004,-0.0959213630804287
0.929,0.0035352774265574646,59252.2108,0.004,-0.0959213630804287
0.9,0.0035352774265574646,59329.874,0.005,-0.0959213630804287
0.727,-0.011641582281277693,59407.537200000006,0.002,-0.10454083119683777
0.738,-0.011641582281277693,59485.2004,0.002,-0.10454083119683777
0.734,-0.011641582281277693,59562.8636,0.003,-0.10454083119683777
0.734,-0.011641582281277693,59640.52680000001,0.002,-0.10454083119683777
0.705,-0.011641582281277693,59718.19,0.001,-0.10454083119683777
0.731,-0.011641582281277693,59795.8532,0.003,-0.10454083119683777
0.731,-0.011641582281277693,59873.51640000001,0.002,-0.10454083119683777
0.717,-0.011641582281277693,59951.1796,0.003,-0.10454083119683777
0.702,-0.011641582281277693,60028.8428,0.003,-0.10454083119683777
0.727,-0.011641582281277693,60106.506,0.003,-0.10454083119683777
0.712,-0.011641582281277693,60184.169200000004,0.004,-0.10454083119683777
0.719,-0.011641582281277693,60261.8324,0.005,-0.10454083119683777
0.728,-0.011641582281277693,60339.4956,0.002,-0.10454083119683777
0.726,-0.011641582281277693,60417.158800000005,0.002,-0.10454083119683777
0.715,-0.011641582281277693,60494.822,0.001,-0.10454083119683777
0.727,-0.011641582281277693,60572.4852,0.003,-0.10454083119683777
0.718,-0.011641582281277693,60650.148400000005,0.002,-0.10454083119683777
0.728,-0.011641582281277693,60727.8116,0.007,-0.10454083119683777
0.724,-0.011641582281277693,60805.4748,0.001,-0.10454083119683777
0.748,-0.011641582281277693,60883.138000000006,0.004,-0.10454083119683777
0.713,-0.011641582281277693,60960.8012,0.001,-0.10454083119683777
0.73,-0.011641582281277693,61038.4644,0.004,-0.10454083119683777
0.741,-0.011641582281277693,61116.12760000001,0.002,-0.10454083119683777
0.72,-0.011641582281277693,61193.7908,0.003,-0.10454083119683777
0.738,-0.011641582281277693,61271.454,0.002,-0.10454083119683777
0.729,-0.011641582281277693,61349.11720000001,0.003,-0.10454083119683777
0.737,-0.011641582281277693,61426.7804,0.003,-0.10454083119683777
0.721,-0.011641582281277693,61504.4436,0.004,-0.10454083119683777
0.724,-0.011641582281277693,61582.1068,0.001,-0.10454083119683777
0.719,-0.011641582281277693,61659.770000000004,0.001,-0.10454083119683777
0.715,-0.011641582281277693,61737.4332,0.003,-0.10454083119683777
0.726,-0.011641582281277693,61815.0964,0.002,-0.10454083119683777
0.719,-0.011641582281277693,61892.759600000005,0.004,-0.10454083119683777
0.723,-0.011641582281277693,61970.4228,0.001,-0.10454083119683777
0.75,-0.011641582281277693,62048.086,0.003,-0.10454083119683777
0.742,-0.011641582281277693,62125.749200000006,0.003,-0.10454083119683777
0.695,-0.011641582281277693,62203.4124,0.003,-0.10454083119683777
0.717,-0.011641582281277693,62281.075600000004,0.003,-0.10454083119683777
0.718,-0.011641582281277693,62358.73880000001,0.004,-0.10454083119683777
0.732,-0.011641582281277693,62436.402,0.003,-0.10454083119683777
0.713,-0.011641582281277693,62514.0652,0.002,-0.10454083119683777
0.731,-0.011641582281277693,62591.72840000001,0.005,-0.10454083119683777
0.724,-0.011641582281277693,62669.3916,0.005,-0.10454083119683777
0.72,-0.011641582281277693,62747.0548,0.004,-0.10454083119683777
0.733,-0.011641582281277693,62824.71800000001,0.002,-0.10454083119683777
0.693,-0.011641582281277693,62902.3812,0.005,-0.10454083119683777
0.722,-0.011641582281277693,62980.0444,0.005,-0.10454083119683777
0.725,-0.011641582281277693,63057.7076,0.003,-0.10454083119683777
0.71,-0.011641582281277693,63135.370800000004,0.001,-0.10454083119683777
0.719,-0.011641582281277693,63213.034,0.004,-0.10454083119683777
0.734,-0.011641582281277693,63290.6972,0.002,-0.10454083119683777
0.721,-0.011641582281277693,63368.360400000005,0.002,-0.10454083119683777
0.733,-0.011641582281277693,63446.0236,0.004,-0.10454083119683777
0.702,-0.011641582281277693,63523.6868,0.004,-0.10454083119683777
0.726,-0.011641582281277693,63601.350000000006,0.001,-0.10454083119683777
0.693,-0.012300699384754948,63679.0132,0.004,-0.10308844293999905
0.723,-0.012300699384754948,63756.676400000004,0.002,-0.10308844293999905
0.724,-0.012300699384754948,63834.33960000001,0.003,-0.10308844293999905
0.7,-0.012300699384754948,63912.0028,0.005,-0.10308844293999905
0.703,-0.012300699384754948,63989.666,0.003,-0.10308844293999905
0.715,-0.012300699384754948,64067.32920000001,0.002,-0.10308844293999905
0.7,-0.012300699384754948,64144.9924,0.002,-0.10308844293999905
0.692,-0.012300699384754948,64222.6556,0.001,-0.10308844293999905
0.707,-0.012300699384754948,64300.31880000001,0.002,-0.10308844293999905
0.689,-0.012300699384754948,64377.982,0.002,-0.10308844293999905
0.697,-0.012300699384754948,64455.6452,0.005,-0.10308844293999905
0.701,-0.012300699384754948,64533.3084,0.002,-0.10308844293999905
0.721,-0.012300699384754948,64610.971600000004,0.004,-0.10308844293999905
0.681,-0.012300699384754948,64688.6348,0.002,-0.10308844293999905
0.716,-0.012300699384754948,64766.298,0.002,-0.10308844293999905
0.714,-0.012300699384754948,64843.961200000005,0.005,-0.10308844293999905
0.701,-0.012300699384754948,64921.6244,0.004,-0.10308844293999905
0.681,-0.012300699384754948,64999.2876,0.003,-0.10308844293999905
0.714,-0.012300699384754948,65076.950800000006,0.008,-0.10308844293999905
0.681,-0.012300699384754948,65154.614,0.005,-0.10308844293999905
0.7,-0.012300699384754948,65232.277200000004,0.004,-0.10308844293999905
0.681,-0.012300699384754948,65309.94040000001,0.003,-0.10308844293999905
0.697,-0.012300699384754948,65387.6036,0.005,-0.10308844293999905
0.689,-0.012300699384754948,65465.2668,0.005,-0.10308844293999905
0.685,-0.012300699384754948,65542.93,0.004,-0.10308844293999905
0.694,-0.012300699384754948,65620.5932,0.001,-0.10308844293999905
0.736,-0.012300699384754948,65698.25640000001,0.006,-0.10308844293999905
0.696,-0.012300699384754948,65775.9196,0.004,-0.10308844293999905
0.724,-0.012300699384754948,65853.5828,0.003,-0.10308844293999905
0.703,-0.012300699384754948,65931.24600000001,0.003,-0.10308844293999905
0.669,-0.012300699384754948,66008.9092,0.006,-0.10308844293999905
0.708,-0.012300699384754948,66086.5724,0.003,-0.10308844293999905
0.725,-0.012300699384754948,66164.23560000001,0.005,-0.10308844293999905
0.687,-0.012300699384754948,66241.8988,0.001,-0.10308844293999905
0.702,-0.012300699384754948,66319.562,0.002,-0.10308844293999905
0.699,-0.012300699384754948,66397.2252,0.006,-0.10308844293999905
0.691,-0.012300699384754948,66474.8884,0.005,-0.10308844293999905
0.683,-0.012300699384754948,66552.5516,0.001,-0.10308844293999905
0.705,-0.012300699384754948,66630.2148,0.005,-0.10308844293999905
0.714,-0.012300699384754948,66707.878,0.003,-0.10308844293999905
0.705,-0.012300699384754948,66785.5412,0.003,-0.10308844293999905
0.714,-0.012300699384754948,66863.2044,0.002,-0.10308844293999905
0.708,-0.012300699384754948,66940.8676,0.003,-0.10308844293999905
0.715,-0.012300699384754948,67018.53080000001,0.002,-0.10308844293999905
0.704,-0.012300699384754948,67096.194,0.002,-0.10308844293999905
0.737,-0.012300699384754948,67173.8572,0.003,-0.10308844293999905
0.693,-0.012300699384754948,67251.52040000001,0.006,-0.10308844293999905
0.71,-0.012300699384754948,67329.1836,0.003,-0.10308844293999905
0.704,-0.012300699384754948,67406.8468,0.004,-0.10308844293999905
0.71,-0.012300699384754948,67484.51000000001,0.002,-0.10308844293999905
0.696,-0.012300699384754948,67562.1732,0.002,-0.10308844293999905
0.693,-0.012300699384754948,67639.8364,0.004,-0.10308844293999905
0.713,-0.012300699384754948,67717.49960000001,0.004,-0.10308844293999905
0.704,-0.012300699384754948,67795.16279999999,0.004,-0.10308844293999905
0.708,-0.012300699384754948,67872.826,0.005,-0.10308844293999905
0.689,-0.012300699384754948,67950.48920000001,0.001,-0.10308844293999905
0.7,-0.012300699384754948,68028.15239999999,0.003,-0.10308844293999905
0.71,-0.012300699384754948,68105.8156,0.004,-0.10308844293999905
0.732,-0.012300699384754948,68183.47880000001,0.002,-0.10308844293999905
0.692,-0.012300699384754948,68261.14199999999,0.002,-0.10308844293999905
0.719,-0.012300699384754948,68338.8052,0.005,-0.10308844293999905
0.696,-0.012300699384754948,68416.46840000001,0.005,-0.10308844293999905
0.713,-0.012300699384754948,68494.1316,0.004,-0.10308844293999905
0.699,-0.012300699384754948,68571.7948,0.005,-0.10308844293999905
0.677,-0.012300699384754948,68649.45800000001,0.003,-0.10308844293999905
0.669,-0.012300699384754948,68727.1212,0.003,-0.10308844293999905
0.687,-0.012300699384754948,68804.7844,0.005,-0.10308844293999905
0.719,-0.012300699384754948,68882.44760000001,0.003,-0.10308844293999905
0.707,-0.012300699384754948,68960.1108,0.004,-0.10308844293999905
0.681,-0.012300699384754948,69037.774,0.003,-0.10308844293999905
0.698,-0.012300699384754948,69115.43720000001,0.003,-0.10308844293999905
0.708,-0.012300699384754948,69193.1004,0.003,-0.10308844293999905
0.696,-0.012300699384754948,69270.7636,0.004,-0.10308844293999905
0.697,-0.012300699384754948,69348.4268,0.002,-0.10308844293999905
0.686,-0.012300699384754948,69426.09,0.004,-0.10308844293999905
0.707,-0.012300699384754948,69503.7532,0.002,-0.10308844293999905
0.684,-0.012300699384754948,69581.4164,0.007,-0.10308844293999905
0.688,-0.012300699384754948,69659.0796,0.004,-0.10308844293999905
0.695,-0.012300699384754948,69736.7428,0.001,-0.10308844293999905
0.703,-0.012300699384754948,69814.406,0.004,-0.10308844293999905
0.689,-0.012300699384754948,69892.0692,0.001,-0.10308844293999905
0.676,-0.012300699384754948,69969.73240000001,0.004,-0.10308844293999905
0.702,-0.012300699384754948,70047.3956,0.004,-0.10308844293999905
0.71,-0.012300699384754948,70125.0588,0.002,-0.10308844293999905
0.711,-0.012300699384754948,70202.72200000001,0.004,-0.10308844293999905
0.682,-0.012300699384754948,70280.3852,0.002,-0.10308844293999905
0.675,-0.012300699384754948,70358.0484,0.002,-0.10308844293999905
0.724,-0.012300699384754948,70435.71160000001,0.004,-0.10308844293999905
0.693,-0.012300699384754948,70513.3748,0.006,-0.10308844293999905
0.7,-0.012300699384754948,70591.038,0.003,-0.10308844293999905
0.694,-0.012300699384754948,70668.70120000001,0.001,-0.10308844293999905
0.702,-0.012300699384754948,70746.36439999999,0.001,-0.10308844293999905
0.674,-0.012300699384754948,70824.0276,0.004,-0.10308844293999905
0.718,-0.012300699384754948,70901.69080000001,0.002,-0.10308844293999905
0.707,-0.012300699384754948,70979.35399999999,0.004,-0.10308844293999905
0.688,-0.012300699384754948,71057.0172,0.004,-0.10308844293999905
0.694,-0.012300699384754948,71134.68040000001,0.004,-0.10308844293999905
0.693,-0.012300699384754948,71212.3436,0.003,-0.10308844293999905
0.7,-0.012300699384754948,71290.0068,0.005,-0.10308844293999905
0.666,-0.012300699384754948,71367.67000000001,0.001,-0.10308844293999905
0.709,-0.012300699384754948,71445.3332,0.002,-0.10308844293999905
0.748,0.009256072502446118,71522.9964,0.012,-0.08967397586961288
0.771,0.009256072502446118,71600.65960000001,0.01,-0.08967397586961288
0.779,0.009256072502446118,71678.3228,0.01,-0.08967397586961288
0.768,0.009256072502446118,71755.986,0.011,-0.08967397586961288
0.775,0.009256072502446118,71833.64920000001,0.01,-0.08967397586961288
0.798,0.009256072502446118,71911.3124,0.013,-0.08967397586961288
0.759,0.009256072502446118,71988.9756,0.01,-0.08967397586961288
0.752,0.009256072502446118,72066.63880000002,0.004,-0.08967397586961288
0.775,0.009256072502446118,72144.302,0.008,-0.08967397586961288
0.749,0.009256072502446118,72221.9652,0.008,-0.08967397586961288
0.754,0.009256072502446118,72299.6284,0.008,-0.08967397586961288
0.778,0.009256072502446118,72377.2916,0.011,-0.08967397586961288
0.769,0.009256072502446118,72454.9548,0.012,-0.08967397586961288
0.751,0.009256072502446118,72532.618,0.009,-0.08967397586961288
0.766,0.009256072502446118,72610.2812,0.009,-0.08967397586961288
0.758,0.009256072502446118,72687.94440000001,0.007,-0.08967397586961288
0.262,-0.02834708071980496,72765.6076,0.003,-0.10261178571946607
0.292,-0.02834708071980496,72843.2708,0.002,-0.10261178571946607
0.267,-0.02834708071980496,72920.93400000001,0.006,-0.10261178571946607
0.276,-0.02834708071980496,72998.5972,0.006,-0.10261178571946607
0.261,-0.02834708071980496,73076.2604,0.004,-0.10261178571946607
0.248,-0.02834708071980496,73153.92360000001,0.004,-0.10261178571946607
0.239,-0.02834708071980496,73231.5868,0.004,-0.10261178571946607
0.272,-0.02834708071980496,73309.25,0.006,-0.10261178571946607
0.288,-0.02834708071980496,73386.91320000001,0.005,-0.10261178571946607
0.263,-0.02834708071980496,73464.5764,0.005,-0.10261178571946607
0.275,-0.02834708071980496,73542.2396,0.003,-0.10261178571946607
0.273,-0.02834708071980496,73619.90280000001,0.005,-0.10261178571946607
0.272,-0.02834708071980496,73697.56599999999,0.006,-0.10261178571946607
0.296,-0.02834708071980496,73775.2292,0.003,-0.10261178571946607
0.27,-0.02834708071980496,73852.89240000001,0.004,-0.10261178571946607
0.277,-0.02834708071980496,73930.55559999999,0.003,-0.10261178571946607
0.252,-0.02834708071980496,74008.2188,0.003,-0.10261178571946607
0.265,-0.02834708071980496,74085.88200000001,0.003,-0.10261178571946607
0.282,-0.02834708071980496,74163.5452,0.002,-0.10261178571946607
0.272,-0.02834708071980496,74241.2084,0.003,-0.10261178571946607
0.259,-0.02834708071980496,74318.87160000001,0.005,-0.10261178571946607
0.244,-0.02834708071980496,74396.5348,0.007,-0.10261178571946607
0.243,-0.02834708071980496,74474.198,0.004,-0.10261178571946607
0.234,-0.02834708071980496,74551.86120000001,0.003,-0.10261178571946607
0.271,-0.02834708071980496,74629.5244,0.002,-0.10261178571946607
0.262,-0.02834708071980496,74707.1876,0.003,-0.10261178571946607
0.238,-0.02834708071980496,74784.85080000001,0.003,-0.10261178571946607
0.265,-0.02834708071980496,74862.514,0.003,-0.10261178571946607
0.265,-0.02834708071980496,74940.1772,0.003,-0.10261178571946607
0.263,-0.02834708071980496,75017.8404,0.003,-0.10261178571946607
0.257,-0.02834708071980496,75095.5036,0.002,-0.10261178571946607
0.27,-0.02834708071980496,75173.1668,0.002,-0.10261178571946607
0.266,-0.02834708071980496,75250.83,0.003,-0.10261178571946607
0.269,-0.02834708071980496,75328.4932,0.003,-0.10261178571946607
0.272,-0.02834708071980496,75406.1564,0.001,-0.10261178571946607
0.272,-0.02834708071980496,75483.8196,0.002,-0.10261178571946607
0.274,-0.02834708071980496,75561.4828,0.004,-0.10261178571946607
0.257,-0.02834708071980496,75639.14600000001,0.004,-0.10261178571946607
0.272,-0.02834708071980496,75716.8092,0.003,-0.10261178571946607
0.265,-0.02834708071980496,75794.4724,0.004,-0.10261178571946607
0.281,-0.02834708071980496,75872.13560000001,0.003,-0.10261178571946607
0.282,-0.02834708071980496,75949.7988,0.005,-0.10261178571946607
0.285,-0.02834708071980496,76027.462,0.002,-0.10261178571946607
0.272,-0.02834708071980496,76105.12520000001,0.003,-0.10261178571946607
0.274,-0.02834708071980496,76182.7884,0.003,-0.10261178571946607
0.285,-0.02834708071980496,76260.4516,0.004,-0.10261178571946607
0.295,-0.02834708071980496,76338.11480000001,0.004,-0.10261178571946607
0.248,-0.02834708071980496,76415.77799999999,0.002,-0.10261178571946607
0.262,-0.02834708071980496,76493.4412,0.003,-0.10261178571946607
0.257,-0.02834708071980496,76571.10440000001,0.005,-0.10261178571946607
0.265,-0.02834708071980496,76648.76759999999,0.002,-0.10261178571946607
0.266,-0.02834708071980496,76726.4308,0.002,-0.10261178571946607
0.256,-0.02834708071980496,76804.09400000001,0.006,-0.10261178571946607
0.29,-0.02834708071980496,76881.7572,0.003,-0.10261178571946607
0.301,-0.02834708071980496,76959.4204,0.005,-0.10261178571946607
0.233,-0.02834708071980496,77037.08360000001,0.004,-0.10261178571946607
0.276,-0.02834708071980496,77114.7468,0.003,-0.10261178571946607
0.251,-0.02834708071980496,77192.41,0.002,-0.10261178571946607
0.27,-0.02834708071980496,77270.07320000001,0.002,-0.10261178571946607
0.251,-0.02834708071980496,77347.7364,0.003,-0.10261178571946607
0.277,-0.02834708071980496,77425.3996,0.006,-0.10261178571946607
0.271,-0.02834708071980496,77503.06280000001,0.003,-0.10261178571946607
0.27,-0.02834708071980496,77580.726,0.004,-0.10261178571946607
0.263,-0.02834708071980496,77658.3892,0.003,-0.10261178571946607
0.284,-0.02834708071980496,77736.05240000002,0.004,-0.10261178571946607
0.246,-0.02834708071980496,77813.7156,0.002,-0.10261178571946607
0.272,-0.02834708071980496,77891.3788,0.003,-0.10261178571946607
0.257,-0.02834708071980496,77969.042,0.005,-0.10261178571946607
0.267,-0.02834708071980496,78046.7052,0.002,-0.10261178571946607
,,78124.3684,0.008,-0.09020277841826158
